{
  "version": 1,
  "author": "Benjamin Jeffrey Jiang",
  "editor": "wokwi",
  "parts": [
    { "type": "wokwi-arduino-uno", "id": "uno", "top": 14.15, "left": 15.85, "attrs": {} },
    {
      "type": "wokwi-potentiometer",
      "id": "pot1",
      "top": 241.25,
      "left": 168.5,
      "rotate": 180,
      "attrs": {}
    },
    {
      "type": "wokwi-led",
      "id": "led1",
      "top": -55.15,
      "left": 128.32,
      "attrs": { "color": "green" }
    },
    {
      "type": "wokwi-resistor",
      "id": "r1",
      "top": -38.24,
      "left": 184.73,
      "attrs": { "value": "1000" }
    }
  ],
  "connections": [
    [ "pot1:GND", "uno:GND.3", "black", [ "v0" ] ],
    [ "pot1:SIG", "uno:A0", "green", [ "v0" ] ],
    [ "pot1:VCC", "uno:5V", "red", [ "v0" ] ],
    [ "r1:1", "led1:A", "green", [ "v0" ] ],
    [ "r1:2", "uno:4", "green", [ "v0" ] ],
    [ "led1:C", "uno:GND.1", "green", [ "v0" ] ]
  ]
}